,pclass,survived,sex,age,fare,family_size,has_cabin
0,1.0,1.0,1.0,29.0,211.3375,0.0,1
1,1.0,1.0,0.0,0.9167,151.55,3.0,1
2,1.0,0.0,1.0,2.0,151.55,3.0,1
3,1.0,0.0,0.0,30.0,151.55,3.0,1
4,1.0,0.0,1.0,25.0,151.55,3.0,1
5,1.0,1.0,0.0,48.0,26.55,0.0,1
6,1.0,1.0,1.0,63.0,77.9583,1.0,1
7,1.0,0.0,0.0,39.0,0.0,0.0,1
8,1.0,1.0,1.0,53.0,51.4792,2.0,1
9,1.0,0.0,0.0,71.0,49.5042,0.0,0
10,1.0,0.0,0.0,47.0,227.525,1.0,1
11,1.0,1.0,1.0,18.0,227.525,1.0,1
12,1.0,1.0,1.0,24.0,69.3,0.0,1
13,1.0,1.0,1.0,26.0,78.85,0.0,0
14,1.0,1.0,0.0,80.0,30.0,0.0,1
15,1.0,0.0,0.0,29.8811345124283,25.925,0.0,0
16,1.0,0.0,0.0,24.0,247.5208,1.0,1
17,1.0,1.0,1.0,50.0,247.5208,1.0,1
18,1.0,1.0,1.0,32.0,76.2917,0.0,1
19,1.0,0.0,0.0,36.0,75.2417,0.0,1
20,1.0,1.0,0.0,37.0,52.5542,2.0,1
21,1.0,1.0,1.0,47.0,52.5542,2.0,1
22,1.0,1.0,0.0,26.0,30.0,0.0,1
23,1.0,1.0,1.0,42.0,227.525,0.0,0
24,1.0,1.0,1.0,29.0,221.7792,0.0,1
25,1.0,0.0,0.0,25.0,26.0,0.0,0
26,1.0,1.0,0.0,25.0,91.0792,1.0,1
27,1.0,1.0,1.0,19.0,91.0792,1.0,1
28,1.0,1.0,1.0,35.0,135.6333,0.0,1
29,1.0,1.0,0.0,28.0,26.55,0.0,1
30,1.0,0.0,0.0,45.0,35.5,0.0,1
31,1.0,1.0,0.0,40.0,31.0,0.0,1
32,1.0,1.0,1.0,30.0,164.8667,0.0,1
33,1.0,1.0,1.0,58.0,26.55,0.0,1
34,1.0,0.0,0.0,42.0,26.55,0.0,1
35,1.0,1.0,1.0,45.0,262.375,0.0,0
36,1.0,1.0,1.0,22.0,55.0,1.0,1
37,1.0,1.0,0.0,29.8811345124283,26.55,0.0,0
38,1.0,0.0,0.0,41.0,30.5,0.0,1
39,1.0,0.0,0.0,48.0,50.4958,0.0,1
40,1.0,0.0,0.0,29.8811345124283,39.6,0.0,0
41,1.0,1.0,1.0,44.0,27.7208,0.0,1
42,1.0,1.0,1.0,59.0,51.4792,2.0,1
43,1.0,1.0,1.0,60.0,76.2917,0.0,1
44,1.0,1.0,1.0,41.0,134.5,0.0,1
45,1.0,0.0,0.0,45.0,26.55,0.0,1
46,1.0,0.0,0.0,29.8811345124283,31.0,0.0,0
47,1.0,1.0,0.0,42.0,26.2875,0.0,1
48,1.0,1.0,1.0,53.0,27.4458,0.0,0
49,1.0,1.0,0.0,36.0,512.3292,1.0,1
50,1.0,1.0,1.0,58.0,512.3292,1.0,1
51,1.0,0.0,0.0,33.0,5.0,0.0,1
52,1.0,0.0,0.0,28.0,47.1,0.0,0
53,1.0,0.0,0.0,17.0,47.1,0.0,0
54,1.0,1.0,0.0,11.0,120.0,3.0,1
55,1.0,1.0,1.0,14.0,120.0,3.0,1
56,1.0,1.0,0.0,36.0,120.0,3.0,1
57,1.0,1.0,1.0,36.0,120.0,3.0,1
58,1.0,0.0,0.0,49.0,26.0,0.0,0
59,1.0,1.0,1.0,29.8811345124283,27.7208,0.0,0
60,1.0,0.0,0.0,36.0,78.85,1.0,1
61,1.0,1.0,1.0,76.0,78.85,1.0,1
62,1.0,0.0,0.0,46.0,61.175,1.0,1
63,1.0,1.0,1.0,47.0,61.175,1.0,1
64,1.0,1.0,0.0,27.0,53.1,1.0,1
65,1.0,1.0,1.0,33.0,53.1,1.0,1
66,1.0,1.0,1.0,36.0,262.375,0.0,1
67,1.0,1.0,1.0,30.0,86.5,0.0,1
68,1.0,1.0,0.0,45.0,29.7,0.0,1
69,1.0,1.0,1.0,29.8811345124283,55.0,1.0,1
70,1.0,0.0,0.0,29.8811345124283,0.0,0.0,0
71,1.0,0.0,0.0,27.0,136.7792,1.0,1
72,1.0,1.0,1.0,26.0,136.7792,1.0,1
73,1.0,1.0,1.0,22.0,151.55,0.0,0
74,1.0,0.0,0.0,29.8811345124283,52.0,0.0,1
75,1.0,0.0,0.0,47.0,25.5875,0.0,1
76,1.0,1.0,1.0,39.0,83.1583,2.0,1
77,1.0,0.0,0.0,37.0,83.1583,2.0,1
78,1.0,1.0,1.0,64.0,83.1583,2.0,1
79,1.0,1.0,1.0,55.0,25.7,2.0,1
80,1.0,0.0,0.0,29.8811345124283,26.55,0.0,0
81,1.0,0.0,0.0,70.0,71.0,2.0,1
82,1.0,1.0,1.0,36.0,71.0,2.0,1
83,1.0,1.0,1.0,64.0,26.55,2.0,1
84,1.0,0.0,0.0,39.0,71.2833,1.0,1
85,1.0,1.0,1.0,38.0,71.2833,1.0,1
86,1.0,1.0,0.0,51.0,26.55,0.0,1
87,1.0,1.0,0.0,27.0,30.5,0.0,0
88,1.0,1.0,1.0,33.0,151.55,0.0,0
89,1.0,0.0,0.0,31.0,52.0,1.0,1
90,1.0,1.0,1.0,27.0,52.0,3.0,1
91,1.0,1.0,0.0,31.0,57.0,1.0,1
92,1.0,1.0,1.0,17.0,57.0,1.0,1
93,1.0,1.0,0.0,53.0,81.8583,2.0,1
94,1.0,1.0,0.0,4.0,81.8583,2.0,1
95,1.0,1.0,1.0,54.0,81.8583,2.0,1
96,1.0,0.0,0.0,50.0,106.425,1.0,1
97,1.0,1.0,1.0,27.0,247.5208,2.0,1
98,1.0,1.0,1.0,48.0,106.425,1.0,1
99,1.0,1.0,1.0,48.0,39.6,1.0,1
100,1.0,1.0,0.0,49.0,56.9292,1.0,1
101,1.0,0.0,0.0,39.0,29.7,0.0,1
102,1.0,1.0,1.0,23.0,83.1583,1.0,1
103,1.0,1.0,1.0,38.0,227.525,0.0,1
104,1.0,1.0,1.0,54.0,78.2667,1.0,1
105,1.0,0.0,1.0,36.0,31.6792,0.0,1
106,1.0,0.0,0.0,29.8811345124283,221.7792,0.0,1
107,1.0,1.0,1.0,29.8811345124283,31.6833,0.0,0
108,1.0,1.0,1.0,29.8811345124283,110.8833,0.0,0
109,1.0,1.0,0.0,36.0,26.3875,0.0,1
110,1.0,0.0,0.0,30.0,27.75,0.0,1
111,1.0,1.0,1.0,24.0,263.0,5.0,1
112,1.0,1.0,1.0,28.0,263.0,5.0,1
113,1.0,1.0,1.0,23.0,263.0,5.0,1
114,1.0,0.0,0.0,19.0,263.0,5.0,1
115,1.0,0.0,0.0,64.0,263.0,5.0,1
116,1.0,1.0,1.0,60.0,263.0,5.0,1
117,1.0,1.0,1.0,30.0,56.9292,0.0,1
118,1.0,0.0,0.0,29.8811345124283,26.55,0.0,1
119,1.0,1.0,0.0,50.0,133.65,2.0,0
120,1.0,1.0,0.0,43.0,27.7208,1.0,1
121,1.0,1.0,1.0,29.8811345124283,133.65,1.0,0
122,1.0,1.0,1.0,22.0,49.5,2.0,1
123,1.0,1.0,0.0,60.0,79.2,2.0,1
124,1.0,1.0,1.0,48.0,79.2,2.0,1
125,1.0,0.0,0.0,29.8811345124283,0.0,0.0,1
126,1.0,0.0,0.0,37.0,53.1,1.0,1
127,1.0,1.0,1.0,35.0,53.1,1.0,1
128,1.0,0.0,0.0,47.0,38.5,0.0,1
129,1.0,1.0,1.0,35.0,211.5,0.0,1
130,1.0,1.0,1.0,22.0,59.4,1.0,0
131,1.0,1.0,1.0,45.0,59.4,1.0,0
132,1.0,0.0,0.0,24.0,79.2,0.0,1
133,1.0,1.0,0.0,49.0,89.1042,1.0,1
134,1.0,1.0,1.0,29.8811345124283,89.1042,1.0,1
135,1.0,0.0,0.0,71.0,34.6542,0.0,1
136,1.0,1.0,0.0,53.0,28.5,0.0,1
137,1.0,1.0,1.0,19.0,30.0,0.0,1
138,1.0,0.0,0.0,38.0,153.4625,1.0,1
139,1.0,1.0,1.0,58.0,153.4625,1.0,1
140,1.0,1.0,0.0,23.0,63.3583,1.0,1
141,1.0,1.0,1.0,45.0,63.3583,1.0,1
142,1.0,0.0,0.0,46.0,79.2,0.0,1
143,1.0,1.0,0.0,25.0,55.4417,1.0,1
144,1.0,1.0,1.0,25.0,55.4417,1.0,1
145,1.0,1.0,0.0,48.0,76.7292,1.0,1
146,1.0,1.0,1.0,49.0,76.7292,1.0,1
147,1.0,0.0,0.0,29.8811345124283,42.4,0.0,0
148,1.0,0.0,0.0,45.0,83.475,1.0,1
149,1.0,1.0,1.0,35.0,83.475,1.0,1
150,1.0,0.0,0.0,40.0,0.0,0.0,1
151,1.0,1.0,0.0,27.0,76.7292,0.0,1
152,1.0,1.0,0.0,29.8811345124283,30.0,0.0,1
153,1.0,1.0,1.0,24.0,83.1583,0.0,1
154,1.0,0.0,0.0,55.0,93.5,2.0,1
155,1.0,1.0,1.0,52.0,93.5,2.0,1
156,1.0,0.0,0.0,42.0,42.5,0.0,1
157,1.0,0.0,0.0,29.8811345124283,51.8625,0.0,1
158,1.0,0.0,0.0,55.0,50.0,0.0,1
159,1.0,1.0,1.0,16.0,57.9792,1.0,1
160,1.0,1.0,1.0,44.0,57.9792,1.0,1
161,1.0,1.0,1.0,51.0,77.9583,1.0,1
162,1.0,0.0,0.0,42.0,52.0,1.0,0
163,1.0,1.0,1.0,35.0,52.0,1.0,0
164,1.0,1.0,0.0,35.0,26.55,0.0,0
165,1.0,1.0,0.0,38.0,90.0,1.0,1
166,1.0,0.0,0.0,29.8811345124283,30.6958,0.0,0
167,1.0,1.0,1.0,35.0,90.0,1.0,1
168,1.0,1.0,1.0,38.0,80.0,0.0,1
169,1.0,0.0,1.0,50.0,28.7125,0.0,1
170,1.0,1.0,0.0,49.0,0.0,0.0,1
171,1.0,0.0,0.0,46.0,26.0,0.0,0
172,1.0,0.0,0.0,50.0,26.0,0.0,1
173,1.0,0.0,0.0,32.5,211.5,0.0,1
174,1.0,0.0,0.0,58.0,29.7,0.0,1
175,1.0,0.0,0.0,41.0,51.8625,1.0,1
176,1.0,1.0,1.0,29.8811345124283,51.8625,1.0,1
177,1.0,1.0,0.0,42.0,52.5542,1.0,1
178,1.0,1.0,1.0,45.0,52.5542,1.0,1
179,1.0,0.0,0.0,29.8811345124283,26.55,0.0,1
180,1.0,1.0,1.0,39.0,211.3375,0.0,0
181,1.0,1.0,1.0,49.0,25.9292,0.0,1
182,1.0,1.0,1.0,30.0,106.425,0.0,0
183,1.0,1.0,0.0,35.0,512.3292,0.0,1
184,1.0,0.0,0.0,29.8811345124283,27.7208,0.0,0
185,1.0,0.0,0.0,42.0,26.55,0.0,0
186,1.0,1.0,1.0,55.0,27.7208,0.0,0
187,1.0,1.0,1.0,16.0,39.4,1.0,1
188,1.0,1.0,1.0,51.0,39.4,1.0,1
189,1.0,0.0,0.0,29.0,30.0,0.0,1
190,1.0,1.0,1.0,21.0,77.9583,0.0,1
191,1.0,0.0,0.0,30.0,45.5,0.0,0
192,1.0,1.0,1.0,58.0,146.5208,0.0,1
193,1.0,1.0,1.0,15.0,211.3375,1.0,1
194,1.0,0.0,0.0,30.0,26.0,0.0,1
195,1.0,1.0,1.0,16.0,86.5,0.0,1
196,1.0,1.0,0.0,29.8811345124283,29.7,0.0,1
197,1.0,0.0,0.0,19.0,53.1,1.0,1
198,1.0,1.0,1.0,18.0,53.1,1.0,1
199,1.0,1.0,1.0,24.0,49.5042,0.0,1
200,1.0,0.0,0.0,46.0,75.2417,0.0,1
201,1.0,0.0,0.0,54.0,51.8625,0.0,1
202,1.0,1.0,0.0,36.0,26.2875,0.0,1
203,1.0,0.0,0.0,28.0,82.1708,1.0,0
204,1.0,1.0,1.0,29.8811345124283,82.1708,1.0,0
205,1.0,0.0,0.0,65.0,26.55,0.0,1
206,1.0,0.0,0.0,44.0,90.0,2.0,1
207,1.0,1.0,1.0,33.0,90.0,1.0,1
208,1.0,1.0,1.0,37.0,90.0,1.0,1
209,1.0,1.0,0.0,30.0,57.75,1.0,1
210,1.0,0.0,0.0,55.0,30.5,0.0,1
211,1.0,0.0,0.0,47.0,42.4,0.0,0
212,1.0,0.0,0.0,37.0,29.7,1.0,1
213,1.0,1.0,1.0,31.0,113.275,1.0,1
214,1.0,1.0,1.0,23.0,113.275,1.0,1
215,1.0,0.0,0.0,58.0,113.275,2.0,1
216,1.0,1.0,1.0,19.0,26.2833,2.0,1
217,1.0,0.0,0.0,64.0,26.0,0.0,0
218,1.0,1.0,1.0,39.0,108.9,0.0,1
219,1.0,1.0,0.0,29.8811345124283,25.7417,0.0,0
220,1.0,1.0,1.0,22.0,61.9792,1.0,1
221,1.0,0.0,0.0,65.0,61.9792,1.0,1
222,1.0,0.0,0.0,28.5,27.7208,0.0,1
223,1.0,0.0,0.0,29.8811345124283,0.0,0.0,0
224,1.0,0.0,0.0,45.5,28.5,0.0,1
225,1.0,0.0,0.0,23.0,93.5,0.0,1
226,1.0,0.0,0.0,29.0,66.6,1.0,1
227,1.0,1.0,1.0,22.0,66.6,1.0,1
228,1.0,0.0,0.0,18.0,108.9,1.0,1
229,1.0,1.0,1.0,17.0,108.9,1.0,1
230,1.0,1.0,1.0,30.0,93.5,0.0,1
231,1.0,1.0,0.0,52.0,30.5,0.0,1
232,1.0,0.0,0.0,47.0,52.0,0.0,1
233,1.0,1.0,1.0,56.0,83.1583,1.0,1
234,1.0,0.0,0.0,38.0,0.0,0.0,0
235,1.0,1.0,0.0,29.8811345124283,39.6,0.0,0
236,1.0,0.0,0.0,22.0,135.6333,0.0,0
237,1.0,0.0,0.0,29.8811345124283,227.525,0.0,0
238,1.0,1.0,1.0,43.0,211.3375,1.0,1
239,1.0,0.0,0.0,31.0,50.4958,0.0,1
240,1.0,1.0,0.0,45.0,26.55,0.0,0
241,1.0,0.0,0.0,29.8811345124283,50.0,0.0,1
242,1.0,1.0,1.0,33.0,27.7208,0.0,1
243,1.0,0.0,0.0,46.0,79.2,0.0,0
244,1.0,0.0,0.0,36.0,40.125,0.0,1
245,1.0,1.0,1.0,33.0,86.5,0.0,1
246,1.0,0.0,0.0,55.0,59.4,1.0,0
247,1.0,1.0,1.0,54.0,59.4,1.0,0
248,1.0,0.0,0.0,33.0,26.55,0.0,0
249,1.0,1.0,0.0,13.0,262.375,4.0,1
250,1.0,1.0,1.0,18.0,262.375,4.0,1
251,1.0,1.0,1.0,21.0,262.375,4.0,1
252,1.0,0.0,0.0,61.0,262.375,4.0,1
253,1.0,1.0,1.0,48.0,262.375,4.0,1
254,1.0,1.0,0.0,29.8811345124283,30.5,0.0,1
255,1.0,1.0,1.0,24.0,69.3,0.0,1
256,1.0,1.0,0.0,29.8811345124283,26.0,0.0,0
257,1.0,1.0,1.0,35.0,57.75,1.0,1
258,1.0,1.0,1.0,30.0,31.0,0.0,0
259,1.0,1.0,0.0,34.0,26.55,0.0,0
260,1.0,1.0,1.0,40.0,153.4625,0.0,1
261,1.0,1.0,0.0,35.0,26.2875,0.0,1
262,1.0,0.0,0.0,50.0,55.9,1.0,1
263,1.0,1.0,1.0,39.0,55.9,1.0,1
264,1.0,1.0,0.0,56.0,35.5,0.0,1
265,1.0,1.0,0.0,28.0,35.5,0.0,1
266,1.0,0.0,0.0,56.0,26.55,0.0,0
267,1.0,0.0,0.0,56.0,30.6958,0.0,1
268,1.0,0.0,0.0,24.0,60.0,1.0,1
269,1.0,0.0,0.0,29.8811345124283,26.0,0.0,1
270,1.0,1.0,1.0,18.0,60.0,1.0,1
271,1.0,1.0,0.0,24.0,82.2667,1.0,1
272,1.0,1.0,1.0,23.0,82.2667,1.0,1
273,1.0,1.0,0.0,6.0,134.5,2.0,1
274,1.0,1.0,0.0,45.0,134.5,2.0,1
275,1.0,1.0,1.0,40.0,134.5,2.0,1
276,1.0,0.0,0.0,57.0,146.5208,1.0,1
277,1.0,1.0,1.0,29.8811345124283,146.5208,1.0,1
278,1.0,1.0,0.0,32.0,30.5,0.0,1
279,1.0,0.0,0.0,62.0,26.55,0.0,1
280,1.0,1.0,0.0,54.0,55.4417,1.0,1
281,1.0,1.0,1.0,43.0,55.4417,1.0,1
282,1.0,1.0,1.0,52.0,78.2667,1.0,1
283,1.0,0.0,0.0,29.8811345124283,27.7208,0.0,0
284,1.0,1.0,1.0,62.0,80.0,0.0,1
285,1.0,0.0,0.0,67.0,221.7792,1.0,1
286,1.0,0.0,1.0,63.0,221.7792,1.0,1
287,1.0,0.0,0.0,61.0,32.3208,0.0,1
288,1.0,1.0,1.0,48.0,25.9292,0.0,1
289,1.0,1.0,1.0,18.0,79.65,2.0,1
290,1.0,0.0,0.0,52.0,79.65,2.0,1
291,1.0,1.0,1.0,39.0,79.65,2.0,1
292,1.0,1.0,0.0,48.0,52.0,1.0,1
293,1.0,1.0,1.0,29.8811345124283,52.0,1.0,1
294,1.0,0.0,0.0,49.0,110.8833,2.0,1
295,1.0,1.0,0.0,17.0,110.8833,2.0,1
296,1.0,1.0,1.0,39.0,110.8833,2.0,1
297,1.0,1.0,1.0,29.8811345124283,79.2,0.0,0
298,1.0,1.0,0.0,31.0,28.5375,0.0,1
299,1.0,0.0,0.0,40.0,27.7208,0.0,0
300,1.0,0.0,0.0,61.0,33.5,0.0,1
301,1.0,0.0,0.0,47.0,34.0208,0.0,1
302,1.0,1.0,1.0,35.0,512.3292,0.0,0
303,1.0,0.0,0.0,64.0,75.25,1.0,1
304,1.0,1.0,1.0,60.0,75.25,1.0,1
305,1.0,0.0,0.0,60.0,26.55,0.0,0
306,1.0,0.0,0.0,54.0,77.2875,1.0,1
307,1.0,0.0,0.0,21.0,77.2875,1.0,1
308,1.0,1.0,1.0,55.0,135.6333,0.0,1
309,1.0,1.0,1.0,31.0,164.8667,2.0,1
310,1.0,0.0,0.0,57.0,164.8667,2.0,0
311,1.0,1.0,1.0,45.0,164.8667,2.0,0
312,1.0,0.0,0.0,50.0,211.5,2.0,1
313,1.0,0.0,0.0,27.0,211.5,2.0,1
314,1.0,1.0,1.0,50.0,211.5,2.0,1
315,1.0,1.0,1.0,21.0,26.55,0.0,0
316,1.0,0.0,0.0,51.0,61.3792,1.0,0
317,1.0,1.0,0.0,21.0,61.3792,1.0,0
318,1.0,0.0,0.0,29.8811345124283,35.0,0.0,1
319,1.0,1.0,1.0,31.0,134.5,0.0,1
320,1.0,1.0,0.0,29.8811345124283,35.5,0.0,1
321,1.0,0.0,0.0,62.0,26.55,0.0,0
322,1.0,1.0,1.0,36.0,135.6333,0.0,1
323,2.0,0.0,0.0,30.0,24.0,1.0,0
324,2.0,1.0,1.0,28.0,24.0,1.0,0
325,2.0,0.0,0.0,30.0,13.0,0.0,0
326,2.0,0.0,0.0,18.0,11.5,0.0,0
327,2.0,0.0,0.0,25.0,10.5,0.0,0
328,2.0,0.0,0.0,34.0,26.0,1.0,0
329,2.0,1.0,1.0,36.0,26.0,1.0,0
330,2.0,0.0,0.0,57.0,13.0,0.0,0
331,2.0,0.0,0.0,18.0,11.5,0.0,0
332,2.0,0.0,0.0,23.0,10.5,0.0,0
333,2.0,1.0,1.0,36.0,13.0,0.0,1
334,2.0,0.0,0.0,28.0,10.5,0.0,0
335,2.0,0.0,0.0,51.0,12.525,0.0,0
336,2.0,1.0,0.0,32.0,26.0,1.0,0
337,2.0,1.0,1.0,19.0,26.0,1.0,0
338,2.0,0.0,0.0,28.0,26.0,0.0,0
339,2.0,1.0,0.0,1.0,39.0,3.0,1
340,2.0,1.0,1.0,4.0,39.0,3.0,1
341,2.0,1.0,1.0,12.0,39.0,3.0,1
342,2.0,1.0,1.0,36.0,39.0,3.0,1
343,2.0,1.0,0.0,34.0,13.0,0.0,1
344,2.0,1.0,1.0,19.0,13.0,0.0,0
345,2.0,0.0,0.0,23.0,13.0,0.0,0
346,2.0,0.0,0.0,26.0,13.0,0.0,0
347,2.0,0.0,0.0,42.0,13.0,0.0,0
348,2.0,0.0,0.0,27.0,13.0,0.0,0
349,2.0,1.0,1.0,24.0,13.0,0.0,1
350,2.0,1.0,1.0,15.0,39.0,2.0,0
351,2.0,0.0,0.0,60.0,39.0,2.0,0
352,2.0,1.0,1.0,40.0,39.0,2.0,0
353,2.0,1.0,1.0,20.0,26.0,1.0,0
354,2.0,0.0,0.0,25.0,26.0,1.0,0
355,2.0,1.0,1.0,36.0,13.0,0.0,0
356,2.0,0.0,0.0,25.0,13.0,0.0,0
357,2.0,0.0,0.0,42.0,13.0,0.0,0
358,2.0,1.0,1.0,42.0,13.0,0.0,0
359,2.0,1.0,0.0,0.8333,29.0,2.0,0
360,2.0,1.0,0.0,26.0,29.0,2.0,0
361,2.0,1.0,1.0,22.0,29.0,2.0,0
362,2.0,1.0,1.0,35.0,21.0,0.0,0
363,2.0,0.0,0.0,29.8811345124283,0.0,0.0,0
364,2.0,0.0,0.0,19.0,13.0,0.0,0
365,2.0,0.0,1.0,44.0,26.0,1.0,0
366,2.0,0.0,0.0,54.0,26.0,1.0,0
367,2.0,0.0,0.0,52.0,13.5,0.0,0
368,2.0,0.0,0.0,37.0,26.0,1.0,0
369,2.0,0.0,1.0,29.0,26.0,1.0,0
370,2.0,1.0,1.0,25.0,30.0,2.0,0
371,2.0,1.0,1.0,45.0,30.0,2.0,0
372,2.0,0.0,0.0,29.0,26.0,1.0,0
373,2.0,1.0,1.0,28.0,26.0,1.0,0
374,2.0,0.0,0.0,29.0,10.5,0.0,0
375,2.0,0.0,0.0,28.0,13.0,0.0,0
376,2.0,1.0,0.0,24.0,10.5,0.0,0
377,2.0,1.0,1.0,8.0,26.25,2.0,0
378,2.0,0.0,0.0,31.0,26.25,2.0,0
379,2.0,1.0,1.0,31.0,26.25,2.0,0
380,2.0,1.0,1.0,22.0,10.5,0.0,1
381,2.0,0.0,1.0,30.0,13.0,0.0,0
382,2.0,0.0,1.0,29.8811345124283,21.0,0.0,0
383,2.0,0.0,0.0,21.0,11.5,0.0,0
384,2.0,0.0,0.0,29.8811345124283,0.0,0.0,0
385,2.0,1.0,0.0,8.0,36.75,2.0,0
386,2.0,0.0,0.0,18.0,73.5,0.0,0
387,2.0,1.0,1.0,48.0,36.75,2.0,0
388,2.0,1.0,1.0,28.0,13.0,0.0,0
389,2.0,0.0,0.0,32.0,13.0,0.0,0
390,2.0,0.0,0.0,17.0,73.5,0.0,0
391,2.0,0.0,0.0,29.0,27.7208,1.0,0
392,2.0,1.0,1.0,24.0,27.7208,1.0,0
393,2.0,0.0,0.0,25.0,31.5,0.0,0
394,2.0,0.0,0.0,18.0,73.5,0.0,0
395,2.0,1.0,1.0,18.0,23.0,1.0,0
396,2.0,1.0,1.0,34.0,23.0,1.0,0
397,2.0,0.0,0.0,54.0,26.0,0.0,0
398,2.0,1.0,0.0,8.0,32.5,2.0,0
399,2.0,0.0,0.0,42.0,32.5,2.0,0
400,2.0,1.0,1.0,34.0,32.5,2.0,0
401,2.0,1.0,1.0,27.0,13.8583,1.0,0
402,2.0,1.0,1.0,30.0,13.8583,1.0,0
403,2.0,0.0,0.0,23.0,13.0,0.0,0
404,2.0,0.0,0.0,21.0,13.0,0.0,0
405,2.0,0.0,0.0,18.0,13.0,0.0,0
406,2.0,0.0,0.0,40.0,26.0,1.0,0
407,2.0,1.0,1.0,29.0,26.0,1.0,0
408,2.0,0.0,0.0,18.0,10.5,0.0,0
409,2.0,0.0,0.0,36.0,13.0,0.0,0
410,2.0,0.0,0.0,29.8811345124283,0.0,0.0,0
411,2.0,0.0,1.0,38.0,13.0,0.0,0
412,2.0,0.0,0.0,35.0,26.0,0.0,0
413,2.0,0.0,0.0,38.0,21.0,1.0,0
414,2.0,0.0,0.0,34.0,21.0,1.0,0
415,2.0,1.0,1.0,34.0,13.0,0.0,0
416,2.0,0.0,0.0,16.0,26.0,0.0,0
417,2.0,0.0,0.0,26.0,10.5,0.0,0
418,2.0,0.0,0.0,47.0,10.5,0.0,0
419,2.0,0.0,0.0,21.0,11.5,1.0,0
420,2.0,0.0,0.0,21.0,11.5,1.0,0
421,2.0,0.0,0.0,24.0,13.5,0.0,0
422,2.0,0.0,0.0,24.0,13.0,0.0,0
423,2.0,0.0,0.0,34.0,13.0,0.0,0
424,2.0,0.0,0.0,30.0,13.0,0.0,0
425,2.0,0.0,0.0,52.0,13.0,0.0,0
426,2.0,0.0,0.0,30.0,13.0,0.0,0
427,2.0,1.0,0.0,0.6667,14.5,2.0,0
428,2.0,1.0,1.0,24.0,14.5,2.0,0
429,2.0,0.0,0.0,44.0,13.0,0.0,0
430,2.0,1.0,1.0,6.0,33.0,1.0,0
431,2.0,0.0,0.0,28.0,33.0,1.0,0
432,2.0,1.0,0.0,62.0,10.5,0.0,0
433,2.0,0.0,0.0,30.0,10.5,0.0,0
434,2.0,1.0,1.0,7.0,26.25,2.0,0
435,2.0,0.0,0.0,43.0,26.25,2.0,0
436,2.0,1.0,1.0,45.0,26.25,2.0,0
437,2.0,1.0,1.0,24.0,65.0,3.0,0
438,2.0,1.0,1.0,24.0,65.0,3.0,0
439,2.0,0.0,0.0,49.0,65.0,3.0,0
440,2.0,1.0,1.0,48.0,65.0,3.0,0
441,2.0,1.0,1.0,55.0,16.0,0.0,0
442,2.0,0.0,0.0,24.0,73.5,2.0,0
443,2.0,0.0,0.0,32.0,73.5,2.0,0
444,2.0,0.0,0.0,21.0,73.5,2.0,0
445,2.0,0.0,1.0,18.0,13.0,2.0,0
446,2.0,1.0,1.0,20.0,23.0,3.0,0
447,2.0,0.0,0.0,23.0,11.5,3.0,0
448,2.0,0.0,0.0,36.0,13.0,0.0,0
449,2.0,1.0,1.0,54.0,23.0,4.0,0
450,2.0,0.0,0.0,50.0,13.0,0.0,0
451,2.0,0.0,0.0,44.0,26.0,1.0,0
452,2.0,1.0,1.0,29.0,26.0,1.0,0
453,2.0,0.0,0.0,21.0,73.5,0.0,0
454,2.0,1.0,0.0,42.0,13.0,0.0,0
455,2.0,0.0,0.0,63.0,26.0,1.0,0
456,2.0,0.0,1.0,60.0,26.0,1.0,0
457,2.0,0.0,0.0,33.0,12.275,0.0,0
458,2.0,1.0,1.0,17.0,10.5,0.0,0
459,2.0,0.0,0.0,42.0,27.0,1.0,0
460,2.0,1.0,1.0,24.0,27.0,3.0,0
461,2.0,0.0,0.0,47.0,15.0,0.0,0
462,2.0,0.0,0.0,24.0,31.5,2.0,0
463,2.0,0.0,0.0,22.0,31.5,2.0,0
464,2.0,0.0,0.0,32.0,10.5,0.0,0
465,2.0,1.0,1.0,23.0,13.7917,0.0,1
466,2.0,0.0,0.0,34.0,26.0,1.0,0
467,2.0,1.0,1.0,24.0,26.0,1.0,0
468,2.0,0.0,1.0,22.0,21.0,0.0,0
469,2.0,1.0,1.0,29.8811345124283,12.35,0.0,1
470,2.0,0.0,0.0,35.0,12.35,0.0,0
471,2.0,1.0,1.0,45.0,13.5,0.0,0
472,2.0,0.0,0.0,57.0,12.35,0.0,0
473,2.0,0.0,0.0,29.8811345124283,0.0,0.0,0
474,2.0,0.0,0.0,31.0,10.5,0.0,0
475,2.0,0.0,1.0,26.0,26.0,2.0,0
476,2.0,0.0,0.0,30.0,26.0,2.0,0
477,2.0,0.0,0.0,29.8811345124283,10.7083,0.0,0
478,2.0,1.0,1.0,1.0,41.5792,3.0,0
479,2.0,1.0,1.0,3.0,41.5792,3.0,0
480,2.0,0.0,0.0,25.0,41.5792,3.0,0
481,2.0,1.0,1.0,22.0,41.5792,3.0,0
482,2.0,1.0,1.0,17.0,12.0,0.0,0
483,2.0,1.0,1.0,29.8811345124283,33.0,0.0,0
484,2.0,1.0,1.0,34.0,10.5,0.0,1
485,2.0,0.0,0.0,36.0,12.875,0.0,1
486,2.0,0.0,0.0,24.0,10.5,0.0,0
487,2.0,0.0,0.0,61.0,12.35,0.0,0
488,2.0,0.0,0.0,50.0,26.0,1.0,0
489,2.0,1.0,1.0,42.0,26.0,1.0,0
490,2.0,0.0,1.0,57.0,10.5,0.0,1
491,2.0,0.0,0.0,29.8811345124283,15.0458,0.0,1
492,2.0,1.0,0.0,1.0,37.0042,2.0,0
493,2.0,0.0,0.0,31.0,37.0042,2.0,0
494,2.0,1.0,1.0,24.0,37.0042,2.0,0
495,2.0,0.0,0.0,29.8811345124283,15.5792,0.0,0
496,2.0,0.0,0.0,30.0,13.0,0.0,0
497,2.0,0.0,0.0,40.0,16.0,0.0,0
498,2.0,0.0,0.0,32.0,13.5,0.0,0
499,2.0,0.0,0.0,30.0,13.0,0.0,0
500,2.0,0.0,0.0,46.0,26.0,0.0,0
501,2.0,1.0,1.0,13.0,19.5,1.0,0
502,2.0,1.0,1.0,41.0,19.5,1.0,0
503,2.0,1.0,0.0,19.0,10.5,0.0,0
504,2.0,0.0,0.0,39.0,13.0,0.0,0
505,2.0,0.0,0.0,48.0,13.0,0.0,0
506,2.0,0.0,0.0,70.0,10.5,0.0,0
507,2.0,0.0,0.0,27.0,13.0,0.0,0
508,2.0,0.0,0.0,54.0,14.0,0.0,0
509,2.0,0.0,0.0,39.0,26.0,0.0,0
510,2.0,0.0,0.0,16.0,10.5,0.0,0
511,2.0,0.0,0.0,62.0,9.6875,0.0,0
512,2.0,0.0,0.0,32.5,30.0708,1.0,0
513,2.0,1.0,1.0,14.0,30.0708,1.0,0
514,2.0,1.0,0.0,2.0,26.0,2.0,1
515,2.0,1.0,0.0,3.0,26.0,2.0,1
516,2.0,0.0,0.0,36.5,26.0,2.0,1
517,2.0,0.0,0.0,26.0,13.0,0.0,1
518,2.0,0.0,0.0,19.0,36.75,2.0,0
519,2.0,0.0,0.0,28.0,13.5,0.0,0
520,2.0,1.0,0.0,20.0,13.8625,0.0,1
521,2.0,1.0,1.0,29.0,10.5,0.0,1
522,2.0,0.0,0.0,39.0,13.0,0.0,0
523,2.0,1.0,0.0,22.0,10.5,0.0,0
524,2.0,1.0,0.0,29.8811345124283,13.8625,0.0,0
525,2.0,0.0,0.0,23.0,10.5,0.0,0
526,2.0,1.0,0.0,29.0,13.8583,0.0,0
527,2.0,0.0,0.0,28.0,10.5,0.0,0
528,2.0,0.0,0.0,29.8811345124283,0.0,0.0,0
529,2.0,1.0,1.0,50.0,26.0,1.0,0
530,2.0,0.0,0.0,19.0,10.5,0.0,0
531,2.0,0.0,0.0,29.8811345124283,15.05,0.0,0
532,2.0,0.0,0.0,41.0,13.0,0.0,0
533,2.0,1.0,1.0,21.0,21.0,1.0,0
534,2.0,1.0,1.0,19.0,26.0,0.0,0
535,2.0,0.0,0.0,43.0,21.0,1.0,0
536,2.0,1.0,1.0,32.0,13.0,0.0,0
537,2.0,0.0,0.0,34.0,13.0,0.0,0
538,2.0,1.0,0.0,30.0,12.7375,0.0,0
539,2.0,0.0,0.0,27.0,15.0333,0.0,0
540,2.0,1.0,1.0,2.0,26.0,2.0,0
541,2.0,1.0,1.0,8.0,26.0,2.0,0
542,2.0,1.0,1.0,33.0,26.0,2.0,0
543,2.0,0.0,0.0,36.0,10.5,0.0,0
544,2.0,0.0,0.0,34.0,21.0,1.0,0
545,2.0,1.0,1.0,30.0,21.0,3.0,0
546,2.0,1.0,1.0,28.0,13.0,0.0,0
547,2.0,0.0,0.0,23.0,15.0458,0.0,0
548,2.0,1.0,0.0,0.8333,18.75,2.0,0
549,2.0,1.0,0.0,3.0,18.75,2.0,0
550,2.0,1.0,1.0,24.0,18.75,5.0,0
551,2.0,1.0,1.0,50.0,10.5,0.0,0
552,2.0,0.0,0.0,19.0,10.5,0.0,0
553,2.0,1.0,1.0,21.0,10.5,0.0,0
554,2.0,0.0,0.0,26.0,13.0,0.0,0
555,2.0,0.0,0.0,25.0,13.0,0.0,0
556,2.0,0.0,0.0,27.0,26.0,0.0,0
557,2.0,1.0,1.0,25.0,26.0,1.0,0
558,2.0,1.0,1.0,18.0,13.0,2.0,0
559,2.0,1.0,1.0,20.0,36.75,0.0,0
560,2.0,1.0,1.0,30.0,13.0,0.0,0
561,2.0,0.0,0.0,59.0,13.5,0.0,0
562,2.0,1.0,1.0,30.0,12.35,0.0,0
563,2.0,0.0,0.0,35.0,10.5,0.0,0
564,2.0,1.0,1.0,40.0,13.0,0.0,0
565,2.0,0.0,0.0,25.0,13.0,0.0,0
566,2.0,0.0,0.0,41.0,15.0458,0.0,0
567,2.0,0.0,0.0,25.0,10.5,0.0,0
568,2.0,0.0,0.0,18.5,13.0,0.0,1
569,2.0,0.0,0.0,14.0,65.0,0.0,0
570,2.0,1.0,1.0,50.0,10.5,0.0,0
571,2.0,0.0,0.0,23.0,13.0,0.0,0
572,2.0,1.0,1.0,28.0,12.65,0.0,0
573,2.0,1.0,1.0,27.0,10.5,0.0,1
574,2.0,0.0,0.0,29.0,21.0,1.0,0
575,2.0,0.0,1.0,27.0,21.0,1.0,0
576,2.0,0.0,0.0,40.0,13.0,0.0,0
577,2.0,1.0,1.0,31.0,21.0,0.0,0
578,2.0,0.0,0.0,30.0,21.0,1.0,0
579,2.0,0.0,0.0,23.0,10.5,1.0,0
580,2.0,1.0,1.0,31.0,21.0,0.0,0
581,2.0,0.0,0.0,29.8811345124283,0.0,0.0,0
582,2.0,1.0,1.0,12.0,15.75,0.0,0
583,2.0,1.0,1.0,40.0,15.75,0.0,0
584,2.0,1.0,1.0,32.5,13.0,0.0,1
585,2.0,0.0,0.0,27.0,26.0,1.0,0
586,2.0,1.0,1.0,29.0,26.0,1.0,0
587,2.0,1.0,0.0,2.0,23.0,2.0,0
588,2.0,1.0,1.0,4.0,23.0,2.0,0
589,2.0,1.0,1.0,29.0,23.0,2.0,0
590,2.0,1.0,1.0,0.9167,27.75,3.0,0
591,2.0,1.0,1.0,5.0,27.75,3.0,0
592,2.0,0.0,0.0,36.0,27.75,3.0,0
593,2.0,1.0,1.0,33.0,27.75,3.0,0
594,2.0,0.0,0.0,66.0,10.5,0.0,0
595,2.0,0.0,0.0,29.8811345124283,12.875,0.0,0
596,2.0,1.0,0.0,31.0,13.0,0.0,0
597,2.0,1.0,0.0,29.8811345124283,13.0,0.0,0
598,2.0,1.0,1.0,26.0,13.5,0.0,0
599,2.0,0.0,1.0,24.0,13.0,0.0,0
600,3.0,0.0,0.0,42.0,7.55,0.0,0
601,3.0,0.0,0.0,13.0,20.25,2.0,0
602,3.0,0.0,0.0,16.0,20.25,2.0,0
603,3.0,1.0,1.0,35.0,20.25,2.0,0
604,3.0,1.0,1.0,16.0,7.65,0.0,0
605,3.0,1.0,0.0,25.0,7.65,0.0,1
606,3.0,1.0,0.0,20.0,7.925,0.0,0
607,3.0,1.0,1.0,18.0,7.2292,0.0,0
608,3.0,0.0,0.0,30.0,7.25,0.0,0
609,3.0,0.0,0.0,26.0,8.05,0.0,0
610,3.0,0.0,1.0,40.0,9.475,1.0,0
611,3.0,1.0,0.0,0.8333,9.35,1.0,0
612,3.0,1.0,1.0,18.0,9.35,1.0,0
613,3.0,1.0,0.0,26.0,18.7875,0.0,0
614,3.0,0.0,0.0,26.0,7.8875,0.0,0
615,3.0,0.0,0.0,20.0,7.925,0.0,0
616,3.0,0.0,0.0,24.0,7.05,0.0,0
617,3.0,0.0,0.0,25.0,7.05,0.0,0
618,3.0,0.0,0.0,35.0,8.05,0.0,0
619,3.0,0.0,0.0,18.0,8.3,0.0,0
620,3.0,0.0,0.0,32.0,22.525,0.0,0
621,3.0,1.0,1.0,19.0,7.8542,1.0,0
622,3.0,0.0,0.0,4.0,31.275,6.0,0
623,3.0,0.0,1.0,6.0,31.275,6.0,0
624,3.0,0.0,1.0,2.0,31.275,6.0,0
625,3.0,1.0,1.0,17.0,7.925,6.0,0
626,3.0,0.0,1.0,38.0,7.775,6.0,0
627,3.0,0.0,1.0,9.0,31.275,6.0,0
628,3.0,0.0,1.0,11.0,31.275,6.0,0
629,3.0,0.0,0.0,39.0,31.275,6.0,0
630,3.0,1.0,0.0,27.0,7.7958,0.0,0
631,3.0,0.0,0.0,26.0,7.775,0.0,0
632,3.0,0.0,1.0,39.0,31.275,6.0,0
633,3.0,0.0,0.0,20.0,7.8542,0.0,0
634,3.0,0.0,0.0,26.0,7.8958,0.0,0
635,3.0,0.0,0.0,25.0,17.8,1.0,0
636,3.0,0.0,1.0,18.0,17.8,1.0,0
637,3.0,0.0,0.0,24.0,7.775,0.0,0
638,3.0,0.0,0.0,35.0,7.05,0.0,0
639,3.0,0.0,0.0,5.0,31.3875,6.0,0
640,3.0,0.0,0.0,9.0,31.3875,6.0,0
641,3.0,1.0,0.0,3.0,31.3875,6.0,0
642,3.0,0.0,0.0,13.0,31.3875,6.0,0
643,3.0,1.0,1.0,5.0,31.3875,6.0,0
644,3.0,0.0,0.0,40.0,31.3875,6.0,0
645,3.0,1.0,0.0,23.0,7.7958,0.0,0
646,3.0,1.0,1.0,38.0,31.3875,6.0,0
647,3.0,1.0,1.0,45.0,7.225,0.0,0
648,3.0,0.0,0.0,21.0,7.225,0.0,0
649,3.0,0.0,0.0,23.0,7.05,0.0,0
650,3.0,0.0,1.0,17.0,14.4583,0.0,0
651,3.0,0.0,0.0,30.0,7.225,0.0,0
652,3.0,0.0,0.0,23.0,7.8542,0.0,0
653,3.0,1.0,1.0,13.0,7.2292,0.0,0
654,3.0,0.0,0.0,20.0,7.225,0.0,0
655,3.0,0.0,0.0,32.0,15.85,1.0,0
656,3.0,1.0,1.0,33.0,15.85,3.0,0
657,3.0,1.0,1.0,0.75,19.2583,3.0,0
658,3.0,1.0,1.0,0.75,19.2583,3.0,0
659,3.0,1.0,1.0,5.0,19.2583,3.0,0
660,3.0,1.0,1.0,24.0,19.2583,3.0,0
661,3.0,1.0,1.0,18.0,8.05,0.0,0
662,3.0,0.0,0.0,40.0,7.225,0.0,0
663,3.0,0.0,0.0,26.0,7.8958,0.0,0
664,3.0,1.0,0.0,20.0,7.2292,0.0,0
665,3.0,0.0,1.0,18.0,14.4542,1.0,0
666,3.0,0.0,1.0,45.0,14.4542,1.0,0
667,3.0,0.0,1.0,27.0,7.8792,0.0,0
668,3.0,0.0,0.0,22.0,8.05,0.0,0
669,3.0,0.0,0.0,19.0,8.05,0.0,0
670,3.0,0.0,0.0,26.0,7.775,0.0,0
671,3.0,0.0,0.0,22.0,9.35,0.0,0
672,3.0,0.0,0.0,29.8811345124283,7.2292,0.0,0
673,3.0,0.0,0.0,20.0,4.0125,0.0,0
674,3.0,1.0,0.0,32.0,56.4958,0.0,0
675,3.0,0.0,0.0,21.0,7.775,0.0,0
676,3.0,0.0,0.0,18.0,7.75,0.0,0
677,3.0,0.0,0.0,26.0,7.8958,0.0,0
678,3.0,0.0,0.0,6.0,15.2458,2.0,0
679,3.0,0.0,1.0,9.0,15.2458,2.0,0
680,3.0,0.0,0.0,29.8811345124283,7.225,0.0,0
681,3.0,0.0,1.0,29.8811345124283,15.2458,2.0,0
682,3.0,0.0,1.0,29.8811345124283,7.75,2.0,0
683,3.0,0.0,0.0,40.0,15.5,2.0,0
684,3.0,0.0,1.0,32.0,15.5,2.0,0
685,3.0,0.0,0.0,21.0,16.1,0.0,0
686,3.0,1.0,1.0,22.0,7.725,0.0,0
687,3.0,0.0,1.0,20.0,7.8542,0.0,0
688,3.0,0.0,0.0,29.0,7.0458,1.0,0
689,3.0,0.0,0.0,22.0,7.25,1.0,0
690,3.0,0.0,0.0,22.0,7.7958,0.0,0
691,3.0,0.0,0.0,35.0,8.05,0.0,0
692,3.0,0.0,1.0,18.5,7.2833,0.0,0
693,3.0,1.0,0.0,21.0,7.8208,0.0,0
694,3.0,0.0,0.0,19.0,6.75,0.0,0
695,3.0,0.0,1.0,18.0,7.8792,0.0,0
696,3.0,0.0,1.0,21.0,8.6625,0.0,0
697,3.0,0.0,1.0,30.0,8.6625,0.0,0
698,3.0,0.0,0.0,18.0,8.6625,0.0,0
699,3.0,0.0,0.0,38.0,8.6625,0.0,0
700,3.0,0.0,0.0,17.0,8.6625,0.0,0
701,3.0,0.0,0.0,17.0,8.6625,0.0,0
702,3.0,0.0,1.0,21.0,7.75,0.0,0
703,3.0,0.0,0.0,21.0,7.75,0.0,0
704,3.0,0.0,0.0,21.0,8.05,0.0,0
705,3.0,0.0,0.0,29.8811345124283,14.4583,1.0,0
706,3.0,0.0,1.0,29.8811345124283,14.4583,1.0,0
707,3.0,0.0,0.0,28.0,7.7958,0.0,0
708,3.0,0.0,0.0,24.0,7.8542,0.0,0
709,3.0,1.0,1.0,16.0,7.75,0.0,0
710,3.0,0.0,1.0,37.0,7.75,0.0,0
711,3.0,0.0,0.0,28.0,7.25,0.0,0
712,3.0,0.0,0.0,24.0,8.05,0.0,0
713,3.0,0.0,0.0,21.0,7.7333,0.0,0
714,3.0,1.0,0.0,32.0,56.4958,0.0,0
715,3.0,0.0,0.0,29.0,8.05,0.0,0
716,3.0,0.0,0.0,26.0,14.4542,1.0,0
717,3.0,0.0,0.0,18.0,14.4542,1.0,0
718,3.0,0.0,0.0,20.0,7.05,0.0,0
719,3.0,1.0,0.0,18.0,8.05,0.0,0
720,3.0,0.0,0.0,24.0,7.25,0.0,0
721,3.0,0.0,0.0,36.0,7.4958,0.0,0
722,3.0,0.0,0.0,24.0,7.4958,0.0,0
723,3.0,0.0,0.0,31.0,7.7333,0.0,0
724,3.0,0.0,0.0,31.0,7.75,0.0,0
725,3.0,1.0,1.0,22.0,7.75,0.0,0
726,3.0,0.0,1.0,30.0,7.6292,0.0,0
727,3.0,0.0,0.0,70.5,7.75,0.0,0
728,3.0,0.0,0.0,43.0,8.05,0.0,0
729,3.0,0.0,0.0,35.0,7.8958,0.0,0
730,3.0,0.0,0.0,27.0,7.8958,0.0,0
731,3.0,0.0,0.0,19.0,7.8958,0.0,0
732,3.0,0.0,0.0,30.0,8.05,0.0,0
733,3.0,1.0,0.0,9.0,15.9,2.0,0
734,3.0,1.0,0.0,3.0,15.9,2.0,0
735,3.0,1.0,1.0,36.0,15.9,2.0,0
736,3.0,0.0,0.0,59.0,7.25,0.0,0
737,3.0,0.0,0.0,19.0,8.1583,0.0,0
738,3.0,1.0,1.0,17.0,16.1,1.0,0
739,3.0,0.0,0.0,44.0,16.1,1.0,0
740,3.0,0.0,0.0,17.0,8.6625,0.0,0
741,3.0,0.0,0.0,22.5,7.225,0.0,0
742,3.0,1.0,0.0,45.0,8.05,0.0,0
743,3.0,0.0,1.0,22.0,10.5167,0.0,0
744,3.0,0.0,0.0,19.0,10.1708,0.0,0
745,3.0,1.0,1.0,30.0,6.95,0.0,0
746,3.0,1.0,0.0,29.0,7.75,0.0,0
747,3.0,0.0,0.0,0.3333,14.4,2.0,0
748,3.0,0.0,0.0,34.0,14.4,2.0,0
749,3.0,0.0,1.0,28.0,14.4,2.0,0
750,3.0,0.0,0.0,27.0,7.8958,0.0,0
751,3.0,0.0,0.0,25.0,7.8958,0.0,0
752,3.0,0.0,0.0,24.0,24.15,2.0,0
753,3.0,0.0,0.0,22.0,8.05,0.0,0
754,3.0,0.0,0.0,21.0,24.15,2.0,0
755,3.0,0.0,0.0,17.0,8.05,2.0,0
756,3.0,0.0,0.0,29.8811345124283,16.1,1.0,0
757,3.0,1.0,1.0,29.8811345124283,16.1,1.0,0
758,3.0,1.0,0.0,36.5,17.4,1.0,0
759,3.0,1.0,1.0,36.0,17.4,1.0,0
760,3.0,1.0,0.0,30.0,9.5,0.0,0
761,3.0,0.0,0.0,16.0,9.5,0.0,0
762,3.0,1.0,0.0,1.0,20.575,3.0,0
763,3.0,1.0,1.0,0.1667,20.575,3.0,0
764,3.0,0.0,0.0,26.0,20.575,3.0,0
765,3.0,1.0,1.0,33.0,20.575,3.0,0
766,3.0,0.0,0.0,25.0,7.8958,0.0,0
767,3.0,0.0,0.0,29.8811345124283,7.8958,0.0,0
768,3.0,0.0,0.0,29.8811345124283,7.8958,0.0,0
769,3.0,0.0,0.0,22.0,7.25,0.0,0
770,3.0,0.0,0.0,36.0,7.25,0.0,0
771,3.0,1.0,1.0,19.0,7.8792,0.0,0
772,3.0,0.0,0.0,17.0,7.8958,0.0,0
773,3.0,0.0,0.0,42.0,8.6625,0.0,0
774,3.0,0.0,0.0,43.0,7.8958,0.0,0
775,3.0,0.0,0.0,29.8811345124283,7.2292,0.0,0
776,3.0,0.0,0.0,32.0,7.75,0.0,0
777,3.0,1.0,0.0,19.0,8.05,0.0,0
778,3.0,1.0,1.0,30.0,12.475,0.0,0
779,3.0,0.0,1.0,24.0,7.75,0.0,0
780,3.0,1.0,1.0,23.0,8.05,0.0,0
781,3.0,0.0,0.0,33.0,7.8958,0.0,0
782,3.0,0.0,0.0,65.0,7.75,0.0,0
783,3.0,1.0,0.0,24.0,7.55,0.0,0
784,3.0,0.0,0.0,23.0,13.9,1.0,0
785,3.0,1.0,1.0,22.0,13.9,1.0,0
786,3.0,0.0,0.0,18.0,7.775,0.0,0
787,3.0,0.0,0.0,16.0,7.775,0.0,0
788,3.0,0.0,0.0,45.0,6.975,0.0,0
789,3.0,0.0,0.0,29.8811345124283,7.225,0.0,0
790,3.0,0.0,0.0,39.0,7.2292,2.0,0
791,3.0,0.0,0.0,17.0,7.2292,2.0,0
792,3.0,0.0,0.0,15.0,7.2292,2.0,0
793,3.0,0.0,0.0,47.0,7.25,0.0,0
794,3.0,1.0,1.0,5.0,12.475,0.0,0
795,3.0,0.0,0.0,29.8811345124283,7.225,0.0,0
796,3.0,0.0,0.0,40.5,15.1,0.0,0
797,3.0,0.0,0.0,40.5,7.75,0.0,0
798,3.0,1.0,0.0,29.8811345124283,7.05,0.0,0
799,3.0,0.0,0.0,18.0,7.7958,0.0,0
800,3.0,0.0,1.0,29.8811345124283,7.75,0.0,0
801,3.0,0.0,0.0,29.8811345124283,7.75,0.0,0
802,3.0,0.0,0.0,29.8811345124283,6.95,0.0,0
803,3.0,0.0,0.0,26.0,7.8792,0.0,0
804,3.0,0.0,0.0,29.8811345124283,7.75,0.0,0
805,3.0,1.0,0.0,29.8811345124283,56.4958,0.0,0
806,3.0,0.0,1.0,21.0,34.375,4.0,0
807,3.0,0.0,1.0,9.0,34.375,4.0,0
808,3.0,0.0,0.0,29.8811345124283,8.05,0.0,0
809,3.0,0.0,0.0,18.0,34.375,4.0,0
810,3.0,0.0,0.0,16.0,34.375,4.0,0
811,3.0,0.0,1.0,48.0,34.375,4.0,0
812,3.0,0.0,0.0,29.8811345124283,7.75,0.0,0
813,3.0,0.0,0.0,29.8811345124283,7.25,0.0,0
814,3.0,0.0,0.0,25.0,7.7417,0.0,0
815,3.0,0.0,0.0,29.8811345124283,14.5,0.0,0
816,3.0,0.0,0.0,29.8811345124283,7.8958,0.0,0
817,3.0,0.0,0.0,22.0,8.05,0.0,0
818,3.0,1.0,1.0,16.0,7.7333,0.0,0
819,3.0,1.0,1.0,29.8811345124283,7.75,0.0,0
820,3.0,1.0,0.0,9.0,20.525,2.0,0
821,3.0,0.0,0.0,33.0,20.525,2.0,0
822,3.0,0.0,0.0,41.0,7.85,0.0,0
823,3.0,1.0,1.0,31.0,20.525,2.0,0
824,3.0,0.0,0.0,38.0,7.05,0.0,0
825,3.0,0.0,0.0,9.0,46.9,7.0,0
826,3.0,0.0,0.0,1.0,46.9,7.0,0
827,3.0,0.0,0.0,11.0,46.9,7.0,0
828,3.0,0.0,1.0,10.0,46.9,7.0,0
829,3.0,0.0,1.0,16.0,46.9,7.0,0
830,3.0,0.0,0.0,14.0,46.9,7.0,0
831,3.0,0.0,0.0,40.0,46.9,7.0,0
832,3.0,0.0,1.0,43.0,46.9,7.0,0
833,3.0,0.0,0.0,51.0,8.05,0.0,0
834,3.0,0.0,0.0,32.0,8.3625,0.0,0
835,3.0,0.0,0.0,29.8811345124283,8.05,0.0,0
836,3.0,0.0,0.0,20.0,9.8458,0.0,0
837,3.0,0.0,0.0,37.0,7.925,2.0,0
838,3.0,0.0,0.0,28.0,7.925,2.0,0
839,3.0,0.0,0.0,19.0,7.775,0.0,0
840,3.0,0.0,1.0,24.0,8.85,0.0,0
841,3.0,0.0,1.0,17.0,7.7333,0.0,0
842,3.0,0.0,0.0,29.8811345124283,19.9667,1.0,0
843,3.0,0.0,0.0,29.8811345124283,19.9667,1.0,0
844,3.0,0.0,0.0,28.0,15.85,1.0,0
845,3.0,1.0,1.0,24.0,15.85,1.0,0
846,3.0,0.0,0.0,20.0,9.5,0.0,0
847,3.0,0.0,0.0,23.5,7.2292,0.0,0
848,3.0,0.0,0.0,41.0,14.1083,2.0,0
849,3.0,0.0,0.0,26.0,7.8542,1.0,0
850,3.0,0.0,0.0,21.0,7.8542,0.0,0
851,3.0,1.0,1.0,45.0,14.1083,1.0,0
852,3.0,0.0,1.0,29.8811345124283,7.55,0.0,0
853,3.0,0.0,0.0,25.0,7.25,0.0,0
854,3.0,0.0,0.0,29.8811345124283,6.8583,0.0,0
855,3.0,0.0,0.0,11.0,18.7875,0.0,0
856,3.0,1.0,1.0,29.8811345124283,7.75,0.0,0
857,3.0,1.0,0.0,27.0,6.975,0.0,0
858,3.0,1.0,0.0,29.8811345124283,56.4958,0.0,0
859,3.0,0.0,1.0,18.0,6.75,0.0,0
860,3.0,1.0,1.0,26.0,7.925,0.0,0
861,3.0,0.0,1.0,23.0,7.925,0.0,0
862,3.0,1.0,1.0,22.0,8.9625,0.0,0
863,3.0,0.0,0.0,28.0,7.8958,0.0,0
864,3.0,0.0,1.0,28.0,7.775,0.0,0
865,3.0,0.0,1.0,29.8811345124283,7.75,0.0,0
866,3.0,1.0,1.0,2.0,12.2875,1.0,0
867,3.0,1.0,1.0,22.0,12.2875,2.0,0
868,3.0,0.0,0.0,43.0,6.45,0.0,0
869,3.0,0.0,0.0,28.0,22.525,0.0,0
870,3.0,1.0,1.0,27.0,7.925,0.0,0
871,3.0,0.0,0.0,29.8811345124283,7.75,0.0,0
872,3.0,1.0,1.0,29.8811345124283,8.05,0.0,0
873,3.0,0.0,0.0,42.0,7.65,0.0,1
874,3.0,1.0,0.0,29.8811345124283,7.8875,0.0,0
875,3.0,0.0,0.0,30.0,7.2292,0.0,0
876,3.0,0.0,0.0,29.8811345124283,7.8958,0.0,0
877,3.0,0.0,1.0,27.0,7.925,1.0,0
878,3.0,0.0,1.0,25.0,7.925,1.0,0
879,3.0,0.0,0.0,29.8811345124283,7.8958,0.0,0
880,3.0,1.0,0.0,29.0,7.8958,0.0,0
881,3.0,1.0,0.0,21.0,7.7958,0.0,0
882,3.0,0.0,0.0,29.8811345124283,7.05,0.0,0
883,3.0,0.0,0.0,20.0,7.8542,0.0,0
884,3.0,0.0,0.0,48.0,7.8542,0.0,0
885,3.0,0.0,0.0,17.0,7.0542,1.0,0
886,3.0,1.0,1.0,29.8811345124283,7.75,0.0,0
887,3.0,1.0,0.0,29.8811345124283,8.1125,0.0,0
888,3.0,0.0,0.0,34.0,6.4958,0.0,0
889,3.0,1.0,0.0,26.0,7.775,0.0,0
890,3.0,0.0,0.0,22.0,7.7958,0.0,0
891,3.0,0.0,0.0,33.0,8.6542,0.0,0
892,3.0,0.0,0.0,31.0,7.775,0.0,0
893,3.0,0.0,0.0,29.0,7.8542,0.0,0
894,3.0,1.0,0.0,4.0,11.1333,2.0,0
895,3.0,1.0,1.0,1.0,11.1333,2.0,0
896,3.0,0.0,0.0,49.0,0.0,0.0,0
897,3.0,0.0,0.0,33.0,7.775,0.0,0
898,3.0,0.0,0.0,19.0,0.0,0.0,0
899,3.0,1.0,1.0,27.0,11.1333,2.0,0
900,3.0,0.0,0.0,29.8811345124283,23.45,3.0,0
901,3.0,0.0,1.0,29.8811345124283,23.45,3.0,0
902,3.0,0.0,0.0,29.8811345124283,23.45,3.0,0
903,3.0,0.0,1.0,29.8811345124283,23.45,3.0,0
904,3.0,0.0,0.0,23.0,7.8958,0.0,0
905,3.0,1.0,0.0,32.0,7.8542,0.0,0
906,3.0,0.0,0.0,27.0,7.8542,0.0,0
907,3.0,0.0,1.0,20.0,9.825,1.0,0
908,3.0,0.0,1.0,21.0,9.825,1.0,0
909,3.0,1.0,0.0,32.0,7.925,0.0,0
910,3.0,0.0,0.0,17.0,7.125,0.0,0
911,3.0,0.0,0.0,21.0,8.4333,0.0,0
912,3.0,0.0,0.0,30.0,7.8958,0.0,0
913,3.0,1.0,0.0,21.0,7.7958,0.0,0
914,3.0,0.0,0.0,33.0,7.8542,0.0,0
915,3.0,0.0,0.0,22.0,7.5208,0.0,0
916,3.0,1.0,1.0,4.0,13.4167,1.0,0
917,3.0,1.0,0.0,39.0,13.4167,1.0,0
918,3.0,0.0,0.0,29.8811345124283,7.2292,0.0,0
919,3.0,0.0,0.0,18.5,7.2292,0.0,0
920,3.0,0.0,0.0,29.8811345124283,7.75,0.0,0
921,3.0,0.0,0.0,29.8811345124283,7.25,0.0,0
922,3.0,1.0,1.0,29.8811345124283,7.75,0.0,0
923,3.0,1.0,1.0,29.8811345124283,7.75,0.0,0
924,3.0,0.0,0.0,34.5,7.8292,0.0,0
925,3.0,0.0,0.0,44.0,8.05,0.0,0
926,3.0,1.0,0.0,29.8811345124283,7.75,0.0,0
927,3.0,0.0,0.0,29.8811345124283,14.4542,1.0,0
928,3.0,0.0,1.0,29.8811345124283,14.4542,1.0,0
929,3.0,0.0,0.0,29.8811345124283,7.75,1.0,0
930,3.0,0.0,0.0,29.8811345124283,7.75,1.0,0
931,3.0,0.0,0.0,29.8811345124283,7.7375,0.0,0
932,3.0,0.0,1.0,22.0,8.6625,2.0,0
933,3.0,0.0,0.0,26.0,8.6625,2.0,0
934,3.0,1.0,1.0,4.0,22.025,2.0,0
935,3.0,1.0,0.0,29.0,22.025,4.0,0
936,3.0,1.0,1.0,26.0,22.025,2.0,0
937,3.0,0.0,1.0,1.0,12.1833,2.0,0
938,3.0,0.0,0.0,18.0,7.8542,2.0,0
939,3.0,0.0,1.0,36.0,12.1833,2.0,0
940,3.0,0.0,0.0,29.8811345124283,7.8958,0.0,0
941,3.0,1.0,0.0,25.0,7.2292,0.0,1
942,3.0,0.0,0.0,29.8811345124283,7.225,0.0,0
943,3.0,0.0,1.0,37.0,9.5875,0.0,0
944,3.0,0.0,0.0,29.8811345124283,7.8958,0.0,0
945,3.0,1.0,0.0,29.8811345124283,56.4958,0.0,0
946,3.0,0.0,0.0,29.8811345124283,56.4958,0.0,0
947,3.0,1.0,1.0,22.0,7.25,0.0,0
948,3.0,0.0,0.0,29.8811345124283,7.75,0.0,0
949,3.0,1.0,0.0,26.0,56.4958,0.0,0
950,3.0,0.0,0.0,29.0,9.4833,0.0,0
951,3.0,0.0,0.0,29.0,7.775,0.0,0
952,3.0,0.0,0.0,22.0,7.775,0.0,0
953,3.0,1.0,0.0,22.0,7.225,0.0,0
954,3.0,0.0,0.0,29.8811345124283,25.4667,4.0,0
955,3.0,0.0,1.0,29.8811345124283,25.4667,4.0,0
956,3.0,0.0,1.0,29.8811345124283,25.4667,4.0,0
957,3.0,0.0,1.0,29.8811345124283,25.4667,4.0,0
958,3.0,0.0,1.0,29.8811345124283,25.4667,4.0,0
959,3.0,0.0,0.0,32.0,7.925,0.0,0
960,3.0,0.0,0.0,34.5,6.4375,0.0,0
961,3.0,0.0,1.0,29.8811345124283,15.5,1.0,0
962,3.0,0.0,0.0,29.8811345124283,15.5,1.0,0
963,3.0,0.0,0.0,36.0,0.0,0.0,0
964,3.0,0.0,0.0,39.0,24.15,0.0,0
965,3.0,0.0,0.0,24.0,9.5,0.0,0
966,3.0,0.0,1.0,25.0,7.775,0.0,0
967,3.0,0.0,1.0,45.0,7.75,0.0,0
968,3.0,0.0,0.0,36.0,15.55,1.0,0
969,3.0,0.0,1.0,30.0,15.55,1.0,0
970,3.0,1.0,0.0,20.0,7.925,1.0,0
971,3.0,0.0,0.0,29.8811345124283,7.8792,0.0,0
972,3.0,0.0,0.0,28.0,56.4958,0.0,0
973,3.0,0.0,0.0,29.8811345124283,7.55,0.0,0
974,3.0,0.0,0.0,30.0,16.1,1.0,0
975,3.0,0.0,1.0,26.0,16.1,1.0,0
976,3.0,0.0,0.0,29.8811345124283,7.8792,0.0,0
977,3.0,0.0,0.0,20.5,7.25,0.0,0
978,3.0,1.0,0.0,27.0,8.6625,0.0,0
979,3.0,0.0,0.0,51.0,7.0542,0.0,0
980,3.0,1.0,1.0,23.0,7.8542,0.0,0
981,3.0,1.0,0.0,32.0,7.5792,0.0,0
982,3.0,0.0,0.0,29.8811345124283,7.8958,0.0,0
983,3.0,0.0,0.0,29.8811345124283,7.55,0.0,0
984,3.0,1.0,1.0,29.8811345124283,7.75,0.0,0
985,3.0,1.0,0.0,24.0,7.1417,0.0,0
986,3.0,0.0,0.0,22.0,7.125,0.0,0
987,3.0,0.0,1.0,29.8811345124283,7.8792,0.0,0
988,3.0,0.0,0.0,29.8811345124283,7.75,0.0,0
989,3.0,0.0,0.0,29.8811345124283,8.05,0.0,0
990,3.0,0.0,0.0,29.0,7.925,0.0,0
991,3.0,1.0,0.0,29.8811345124283,7.2292,0.0,0
992,3.0,0.0,1.0,30.5,7.75,0.0,0
993,3.0,1.0,1.0,29.8811345124283,7.7375,0.0,0
994,3.0,0.0,0.0,29.8811345124283,7.2292,0.0,1
995,3.0,0.0,0.0,35.0,7.8958,0.0,0
996,3.0,0.0,0.0,33.0,7.8958,0.0,0
997,3.0,1.0,1.0,29.8811345124283,7.225,0.0,0
998,3.0,0.0,0.0,29.8811345124283,7.8958,0.0,0
999,3.0,1.0,1.0,29.8811345124283,7.75,0.0,0
1000,3.0,1.0,0.0,29.8811345124283,7.75,0.0,0
1001,3.0,1.0,1.0,29.8811345124283,23.25,2.0,0
1002,3.0,1.0,1.0,29.8811345124283,23.25,2.0,0
1003,3.0,1.0,0.0,29.8811345124283,23.25,2.0,0
1004,3.0,1.0,1.0,29.8811345124283,7.7875,0.0,0
1005,3.0,0.0,0.0,29.8811345124283,15.5,0.0,0
1006,3.0,1.0,1.0,29.8811345124283,7.8792,0.0,0
1007,3.0,1.0,1.0,15.0,8.0292,0.0,0
1008,3.0,0.0,1.0,35.0,7.75,0.0,0
1009,3.0,0.0,0.0,29.8811345124283,7.75,0.0,0
1010,3.0,0.0,0.0,24.0,16.1,1.0,0
1011,3.0,0.0,1.0,19.0,16.1,1.0,0
1012,3.0,0.0,1.0,29.8811345124283,7.75,0.0,0
1013,3.0,0.0,1.0,29.8811345124283,8.05,0.0,0
1014,3.0,0.0,1.0,29.8811345124283,8.05,0.0,0
1015,3.0,0.0,0.0,55.5,8.05,0.0,0
1016,3.0,0.0,0.0,29.8811345124283,7.75,0.0,0
1017,3.0,1.0,0.0,21.0,7.775,0.0,0
1018,3.0,0.0,0.0,29.8811345124283,8.05,0.0,0
1019,3.0,0.0,0.0,24.0,7.8958,0.0,0
1020,3.0,0.0,0.0,21.0,7.8958,0.0,0
1021,3.0,0.0,0.0,28.0,7.8958,0.0,0
1022,3.0,0.0,0.0,29.8811345124283,7.8958,0.0,0
1023,3.0,1.0,1.0,29.8811345124283,7.8792,0.0,0
1024,3.0,0.0,0.0,25.0,7.65,0.0,1
1025,3.0,1.0,0.0,6.0,12.475,1.0,1
1026,3.0,1.0,1.0,27.0,12.475,1.0,1
1027,3.0,0.0,0.0,29.8811345124283,8.05,0.0,0
1028,3.0,1.0,1.0,29.8811345124283,24.15,1.0,0
1029,3.0,0.0,0.0,29.8811345124283,24.15,1.0,0
1030,3.0,0.0,0.0,29.8811345124283,8.4583,0.0,0
1031,3.0,0.0,0.0,34.0,8.05,0.0,0
1032,3.0,0.0,0.0,29.8811345124283,7.75,0.0,0
1033,3.0,1.0,0.0,29.8811345124283,7.775,0.0,0
1034,3.0,1.0,0.0,29.8811345124283,15.2458,2.0,0
1035,3.0,1.0,0.0,29.8811345124283,15.2458,2.0,0
1036,3.0,1.0,1.0,29.8811345124283,15.2458,2.0,0
1037,3.0,1.0,1.0,29.8811345124283,7.2292,0.0,0
1038,3.0,0.0,0.0,29.8811345124283,8.05,0.0,0
1039,3.0,1.0,1.0,29.8811345124283,7.7333,0.0,0
1040,3.0,1.0,1.0,24.0,7.75,0.0,0
1041,3.0,0.0,0.0,29.8811345124283,8.05,0.0,0
1042,3.0,1.0,1.0,29.8811345124283,15.5,1.0,0
1043,3.0,1.0,1.0,29.8811345124283,15.5,1.0,0
1044,3.0,1.0,1.0,29.8811345124283,15.5,0.0,0
1045,3.0,0.0,0.0,18.0,7.75,0.0,0
1046,3.0,0.0,0.0,22.0,7.8958,0.0,0
1047,3.0,1.0,1.0,15.0,7.225,0.0,0
1048,3.0,1.0,1.0,1.0,15.7417,2.0,0
1049,3.0,1.0,0.0,20.0,15.7417,2.0,0
1050,3.0,1.0,1.0,19.0,15.7417,2.0,0
1051,3.0,0.0,0.0,33.0,8.05,0.0,0
1052,3.0,0.0,0.0,29.8811345124283,7.8958,0.0,0
1053,3.0,0.0,0.0,29.8811345124283,7.2292,0.0,0
1054,3.0,0.0,1.0,29.8811345124283,7.75,0.0,0
1055,3.0,0.0,0.0,29.8811345124283,7.8958,0.0,0
1056,3.0,1.0,0.0,12.0,11.2417,1.0,0
1057,3.0,1.0,1.0,14.0,11.2417,1.0,0
1058,3.0,0.0,1.0,29.0,7.925,0.0,0
1059,3.0,0.0,0.0,28.0,8.05,0.0,0
1060,3.0,1.0,1.0,18.0,7.775,0.0,0
1061,3.0,1.0,1.0,26.0,7.8542,0.0,0
1062,3.0,0.0,0.0,21.0,7.8542,0.0,0
1063,3.0,0.0,0.0,41.0,7.125,0.0,0
1064,3.0,1.0,0.0,39.0,7.925,0.0,0
1065,3.0,0.0,0.0,21.0,7.8,0.0,0
1066,3.0,0.0,0.0,28.5,7.2292,0.0,0
1067,3.0,1.0,1.0,22.0,7.75,0.0,0
1068,3.0,0.0,0.0,61.0,6.2375,0.0,0
1069,3.0,0.0,0.0,29.8811345124283,15.5,1.0,0
1070,3.0,0.0,0.0,29.8811345124283,7.8292,0.0,0
1071,3.0,1.0,1.0,29.8811345124283,15.5,1.0,0
1072,3.0,0.0,0.0,29.8811345124283,7.7333,0.0,0
1073,3.0,0.0,0.0,29.8811345124283,7.75,0.0,0
1074,3.0,0.0,0.0,29.8811345124283,7.75,0.0,0
1075,3.0,0.0,0.0,23.0,9.225,0.0,0
1076,3.0,0.0,1.0,29.8811345124283,7.75,0.0,0
1077,3.0,1.0,1.0,29.8811345124283,7.75,0.0,0
1078,3.0,1.0,1.0,29.8811345124283,7.8792,0.0,0
1079,3.0,1.0,1.0,22.0,7.775,0.0,0
1080,3.0,1.0,0.0,29.8811345124283,7.75,0.0,0
1081,3.0,1.0,1.0,29.8811345124283,7.8292,0.0,0
1082,3.0,1.0,0.0,9.0,3.1708,1.0,0
1083,3.0,0.0,0.0,28.0,22.525,0.0,0
1084,3.0,0.0,0.0,42.0,8.4042,1.0,0
1085,3.0,0.0,0.0,29.8811345124283,7.3125,0.0,0
1086,3.0,0.0,1.0,31.0,7.8542,0.0,0
1087,3.0,0.0,0.0,28.0,7.8542,0.0,0
1088,3.0,1.0,0.0,32.0,7.775,0.0,0
1089,3.0,0.0,0.0,20.0,9.225,0.0,0
1090,3.0,0.0,1.0,23.0,8.6625,0.0,0
1091,3.0,0.0,1.0,20.0,8.6625,0.0,0
1092,3.0,0.0,0.0,20.0,8.6625,0.0,0
1093,3.0,0.0,0.0,16.0,9.2167,0.0,0
1094,3.0,1.0,1.0,31.0,8.6833,0.0,0
1095,3.0,0.0,1.0,29.8811345124283,7.6292,0.0,0
1096,3.0,0.0,0.0,2.0,21.075,4.0,0
1097,3.0,0.0,0.0,6.0,21.075,4.0,0
1098,3.0,0.0,1.0,3.0,21.075,4.0,0
1099,3.0,0.0,1.0,8.0,21.075,4.0,0
1100,3.0,0.0,1.0,29.0,21.075,4.0,0
1101,3.0,0.0,0.0,1.0,39.6875,5.0,0
1102,3.0,0.0,0.0,7.0,39.6875,5.0,0
1103,3.0,0.0,0.0,2.0,39.6875,5.0,0
1104,3.0,0.0,0.0,16.0,39.6875,5.0,0
1105,3.0,0.0,0.0,14.0,39.6875,5.0,0
1106,3.0,0.0,1.0,41.0,39.6875,5.0,0
1107,3.0,0.0,0.0,21.0,8.6625,0.0,0
1108,3.0,0.0,0.0,19.0,14.5,0.0,0
1109,3.0,0.0,0.0,29.8811345124283,8.7125,0.0,0
1110,3.0,0.0,0.0,32.0,7.8958,0.0,0
1111,3.0,0.0,0.0,0.75,13.775,2.0,0
1112,3.0,0.0,1.0,3.0,13.775,2.0,0
1113,3.0,0.0,1.0,26.0,13.775,2.0,0
1114,3.0,0.0,0.0,29.8811345124283,7.0,0.0,0
1115,3.0,0.0,0.0,29.8811345124283,7.775,0.0,0
1116,3.0,0.0,0.0,29.8811345124283,8.05,0.0,0
1117,3.0,0.0,0.0,21.0,7.925,0.0,0
1118,3.0,0.0,0.0,25.0,7.925,0.0,0
1119,3.0,0.0,0.0,22.0,7.25,0.0,0
1120,3.0,1.0,0.0,25.0,7.775,1.0,0
1121,3.0,1.0,0.0,29.8811345124283,22.3583,2.0,0
1122,3.0,1.0,1.0,29.8811345124283,22.3583,2.0,1
1123,3.0,1.0,1.0,29.8811345124283,22.3583,2.0,0
1124,3.0,0.0,1.0,29.8811345124283,8.1375,0.0,0
1125,3.0,0.0,0.0,24.0,8.05,0.0,0
1126,3.0,0.0,1.0,28.0,7.8958,0.0,0
1127,3.0,0.0,0.0,19.0,7.8958,0.0,0
1128,3.0,0.0,0.0,29.8811345124283,7.8958,0.0,0
1129,3.0,0.0,0.0,25.0,7.775,1.0,0
1130,3.0,0.0,1.0,18.0,7.775,0.0,0
1131,3.0,1.0,0.0,32.0,8.05,0.0,1
1132,3.0,0.0,0.0,29.8811345124283,7.8958,0.0,0
1133,3.0,0.0,0.0,17.0,8.6625,0.0,0
1134,3.0,0.0,0.0,24.0,8.6625,0.0,0
1135,3.0,0.0,0.0,29.8811345124283,7.8958,0.0,0
1136,3.0,0.0,1.0,29.8811345124283,8.1125,0.0,0
1137,3.0,0.0,0.0,29.8811345124283,7.2292,0.0,0
1138,3.0,0.0,0.0,29.8811345124283,7.25,0.0,0
1139,3.0,0.0,0.0,38.0,7.8958,0.0,0
1140,3.0,0.0,0.0,21.0,8.05,0.0,0
1141,3.0,0.0,0.0,10.0,29.125,5.0,0
1142,3.0,0.0,0.0,4.0,29.125,5.0,0
1143,3.0,0.0,0.0,7.0,29.125,5.0,0
1144,3.0,0.0,0.0,2.0,29.125,5.0,0
1145,3.0,0.0,0.0,8.0,29.125,5.0,0
1146,3.0,0.0,1.0,39.0,29.125,5.0,0
1147,3.0,0.0,1.0,22.0,39.6875,0.0,0
1148,3.0,0.0,0.0,35.0,7.125,0.0,0
1149,3.0,1.0,1.0,29.8811345124283,7.7208,0.0,0
1150,3.0,0.0,0.0,29.8811345124283,14.5,0.0,0
1151,3.0,0.0,1.0,29.8811345124283,14.5,0.0,0
1152,3.0,0.0,0.0,50.0,14.5,1.0,0
1153,3.0,0.0,1.0,47.0,14.5,1.0,0
1154,3.0,0.0,0.0,29.8811345124283,8.05,0.0,0
1155,3.0,0.0,0.0,29.8811345124283,7.775,0.0,0
1156,3.0,0.0,1.0,2.0,20.2125,2.0,0
1157,3.0,0.0,0.0,18.0,20.2125,2.0,0
1158,3.0,0.0,1.0,41.0,20.2125,2.0,0
1159,3.0,1.0,1.0,29.8811345124283,8.05,0.0,0
1160,3.0,0.0,0.0,50.0,8.05,0.0,0
1161,3.0,0.0,0.0,16.0,8.05,0.0,0
1162,3.0,1.0,0.0,29.8811345124283,7.75,0.0,0
1163,3.0,0.0,0.0,29.8811345124283,24.15,0.0,0
1164,3.0,0.0,0.0,29.8811345124283,7.2292,0.0,0
1165,3.0,0.0,0.0,25.0,7.225,0.0,0
1166,3.0,0.0,0.0,29.8811345124283,7.225,0.0,0
1167,3.0,0.0,0.0,29.8811345124283,7.7292,0.0,0
1168,3.0,0.0,0.0,29.8811345124283,7.575,0.0,0
1169,3.0,0.0,0.0,38.5,7.25,0.0,0
1170,3.0,0.0,0.0,29.8811345124283,69.55,10.0,0
1171,3.0,0.0,0.0,14.5,69.55,10.0,0
1172,3.0,0.0,1.0,29.8811345124283,69.55,10.0,0
1173,3.0,0.0,1.0,29.8811345124283,69.55,10.0,0
1174,3.0,0.0,1.0,29.8811345124283,69.55,10.0,0
1175,3.0,0.0,1.0,29.8811345124283,69.55,10.0,0
1176,3.0,0.0,0.0,29.8811345124283,69.55,10.0,0
1177,3.0,0.0,0.0,29.8811345124283,69.55,10.0,0
1178,3.0,0.0,0.0,29.8811345124283,69.55,10.0,0
1179,3.0,0.0,0.0,29.8811345124283,69.55,10.0,0
1180,3.0,0.0,1.0,29.8811345124283,69.55,10.0,0
1181,3.0,0.0,0.0,24.0,9.325,0.0,0
1182,3.0,1.0,1.0,21.0,7.65,0.0,0
1183,3.0,0.0,0.0,39.0,7.925,0.0,0
1184,3.0,0.0,0.0,29.8811345124283,21.6792,2.0,0
1185,3.0,0.0,0.0,29.8811345124283,21.6792,2.0,0
1186,3.0,0.0,0.0,29.8811345124283,21.6792,2.0,0
1187,3.0,1.0,1.0,1.0,16.7,2.0,1
1188,3.0,1.0,1.0,24.0,16.7,2.0,1
1189,3.0,1.0,1.0,4.0,16.7,2.0,1
1190,3.0,1.0,0.0,25.0,9.5,0.0,0
1191,3.0,0.0,0.0,20.0,8.05,0.0,0
1192,3.0,0.0,0.0,24.5,8.05,0.0,0
1193,3.0,0.0,0.0,29.8811345124283,7.725,0.0,0
1194,3.0,0.0,0.0,29.8811345124283,7.8958,0.0,0
1195,3.0,0.0,0.0,29.8811345124283,7.75,0.0,0
1196,3.0,1.0,0.0,29.0,9.5,0.0,0
1197,3.0,0.0,0.0,29.8811345124283,15.1,0.0,0
1198,3.0,1.0,1.0,29.8811345124283,7.7792,0.0,0
1199,3.0,0.0,0.0,29.8811345124283,8.05,0.0,0
1200,3.0,0.0,0.0,29.8811345124283,8.05,0.0,0
1201,3.0,0.0,0.0,22.0,7.2292,0.0,0
1202,3.0,0.0,0.0,29.8811345124283,8.05,0.0,0
1203,3.0,0.0,0.0,40.0,7.8958,0.0,0
1204,3.0,0.0,0.0,21.0,7.925,0.0,0
1205,3.0,1.0,1.0,18.0,7.4958,0.0,0
1206,3.0,0.0,0.0,4.0,27.9,5.0,0
1207,3.0,0.0,0.0,10.0,27.9,5.0,0
1208,3.0,0.0,1.0,9.0,27.9,5.0,0
1209,3.0,0.0,1.0,2.0,27.9,5.0,0
1210,3.0,0.0,0.0,40.0,27.9,5.0,0
1211,3.0,0.0,1.0,45.0,27.9,5.0,0
1212,3.0,0.0,0.0,29.8811345124283,7.8958,0.0,0
1213,3.0,0.0,0.0,29.8811345124283,8.05,0.0,0
1214,3.0,0.0,0.0,29.8811345124283,8.6625,0.0,0
1215,3.0,0.0,0.0,29.8811345124283,7.75,0.0,0
1216,3.0,1.0,1.0,29.8811345124283,7.7333,0.0,0
1217,3.0,0.0,0.0,19.0,7.65,0.0,1
1218,3.0,0.0,0.0,30.0,8.05,0.0,0
1219,3.0,0.0,0.0,29.8811345124283,8.05,0.0,0
1220,3.0,0.0,0.0,32.0,8.05,0.0,0
1221,3.0,0.0,0.0,29.8811345124283,7.8958,0.0,0
1222,3.0,0.0,0.0,33.0,8.6625,0.0,0
1223,3.0,1.0,1.0,23.0,7.55,0.0,0
1224,3.0,0.0,0.0,21.0,8.05,0.0,0
1225,3.0,0.0,0.0,60.5,8.05,0.0,0
1226,3.0,0.0,0.0,19.0,7.8958,0.0,0
1227,3.0,0.0,1.0,22.0,9.8375,0.0,0
1228,3.0,1.0,0.0,31.0,7.925,0.0,0
1229,3.0,0.0,0.0,27.0,8.6625,0.0,0
1230,3.0,0.0,1.0,2.0,10.4625,1.0,1
1231,3.0,0.0,1.0,29.0,10.4625,2.0,1
1232,3.0,1.0,0.0,16.0,8.05,0.0,0
1233,3.0,1.0,0.0,44.0,7.925,0.0,0
1234,3.0,0.0,0.0,25.0,7.05,0.0,0
1235,3.0,0.0,0.0,74.0,7.775,0.0,0
1236,3.0,1.0,0.0,14.0,9.225,0.0,0
1237,3.0,0.0,0.0,24.0,7.7958,0.0,0
1238,3.0,1.0,0.0,25.0,7.7958,0.0,0
1239,3.0,0.0,0.0,34.0,8.05,0.0,0
1240,3.0,1.0,0.0,0.4167,8.5167,1.0,0
1241,3.0,0.0,0.0,29.8811345124283,6.4375,1.0,0
1242,3.0,0.0,0.0,29.8811345124283,6.4375,0.0,0
1243,3.0,0.0,0.0,29.8811345124283,7.225,0.0,0
1244,3.0,1.0,1.0,16.0,8.5167,2.0,0
1245,3.0,0.0,0.0,29.8811345124283,8.05,0.0,0
1246,3.0,0.0,0.0,29.8811345124283,16.1,1.0,0
1247,3.0,1.0,1.0,29.8811345124283,16.1,1.0,0
1248,3.0,0.0,0.0,32.0,7.925,0.0,0
1249,3.0,0.0,0.0,29.8811345124283,7.75,0.0,1
1250,3.0,0.0,0.0,29.8811345124283,7.8958,0.0,0
1251,3.0,0.0,0.0,30.5,8.05,0.0,0
1252,3.0,0.0,0.0,44.0,8.05,0.0,0
1253,3.0,0.0,0.0,29.8811345124283,7.2292,0.0,0
1254,3.0,1.0,0.0,25.0,0.0,0.0,0
1255,3.0,0.0,0.0,29.8811345124283,7.2292,0.0,0
1256,3.0,1.0,0.0,7.0,15.2458,2.0,0
1257,3.0,1.0,1.0,9.0,15.2458,2.0,0
1258,3.0,1.0,1.0,29.0,15.2458,2.0,0
1259,3.0,0.0,0.0,36.0,7.8958,0.0,0
1260,3.0,1.0,1.0,18.0,9.8417,0.0,0
1261,3.0,1.0,1.0,63.0,9.5875,0.0,0
1262,3.0,0.0,0.0,29.8811345124283,14.5,2.0,0
1263,3.0,0.0,0.0,11.5,14.5,2.0,0
1264,3.0,0.0,0.0,40.5,14.5,2.0,0
1265,3.0,0.0,1.0,10.0,24.15,2.0,0
1266,3.0,0.0,0.0,36.0,24.15,2.0,0
1267,3.0,0.0,1.0,30.0,24.15,2.0,0
1268,3.0,0.0,0.0,29.8811345124283,9.5,0.0,0
1269,3.0,0.0,0.0,33.0,9.5,0.0,0
1270,3.0,0.0,0.0,28.0,9.5,0.0,0
1271,3.0,0.0,0.0,28.0,9.5,0.0,0
1272,3.0,0.0,0.0,47.0,9.0,0.0,0
1273,3.0,0.0,1.0,18.0,18.0,2.0,0
1274,3.0,0.0,0.0,31.0,18.0,3.0,0
1275,3.0,0.0,0.0,16.0,18.0,2.0,0
1276,3.0,0.0,1.0,31.0,18.0,1.0,0
1277,3.0,1.0,0.0,22.0,7.225,0.0,0
1278,3.0,0.0,0.0,20.0,7.8542,0.0,0
1279,3.0,0.0,1.0,14.0,7.8542,0.0,0
1280,3.0,0.0,0.0,22.0,7.8958,0.0,0
1281,3.0,0.0,0.0,22.0,9.0,0.0,0
1282,3.0,0.0,0.0,29.8811345124283,8.05,0.0,0
1283,3.0,0.0,0.0,29.8811345124283,7.55,0.0,0
1284,3.0,0.0,0.0,29.8811345124283,8.05,0.0,0
1285,3.0,0.0,0.0,32.5,9.5,0.0,0
1286,3.0,1.0,1.0,38.0,7.2292,0.0,0
1287,3.0,0.0,0.0,51.0,7.75,0.0,0
1288,3.0,0.0,0.0,18.0,6.4958,1.0,0
1289,3.0,0.0,0.0,21.0,6.4958,1.0,0
1290,3.0,1.0,1.0,47.0,7.0,1.0,0
1291,3.0,0.0,0.0,29.8811345124283,8.7125,0.0,0
1292,3.0,0.0,0.0,29.8811345124283,7.55,0.0,0
1293,3.0,0.0,0.0,29.8811345124283,8.05,0.0,0
1294,3.0,0.0,0.0,28.5,16.1,0.0,0
1295,3.0,0.0,0.0,21.0,7.25,0.0,0
1296,3.0,0.0,0.0,27.0,8.6625,0.0,0
1297,3.0,0.0,0.0,29.8811345124283,7.25,0.0,0
1298,3.0,0.0,0.0,36.0,9.5,0.0,0
1299,3.0,0.0,0.0,27.0,14.4542,1.0,0
1300,3.0,1.0,1.0,15.0,14.4542,1.0,0
1301,3.0,0.0,0.0,45.5,7.225,0.0,0
1302,3.0,0.0,0.0,29.8811345124283,7.225,0.0,0
1303,3.0,0.0,0.0,29.8811345124283,14.4583,0.0,0
1304,3.0,0.0,1.0,14.5,14.4542,1.0,0
1305,3.0,0.0,1.0,29.8811345124283,14.4542,1.0,0
1306,3.0,0.0,0.0,26.5,7.225,0.0,0
1307,3.0,0.0,0.0,27.0,7.225,0.0,0
1308,3.0,0.0,0.0,29.0,7.875,0.0,0
1309,3.0,0.0,0.0,29.8811345124283,7.875,0.0,0
